<?xml version="1.0" encoding="UTF-8"?>
<colors>
	<color name="primary_background">FF004B00</color>           <!-- pozadie diagonalne stred -->
	<color name="secondary_background">33000059</color>         <!-- pozadie diagonalne kraje -->
	<color name="dialog_tint">FF001000</color>                  <!-- Dialogove okno -->
	<color name="background">FF000000</color>
	<color name="bg_image">FF909090</color>
	<color name="bg_overlay">30FFFFFF</color>
	<color name="black">FF000000</color>
	<color name="white">FFF0F0F0</color>
	<color name="grey">FFA0A0A0</color>
	<color name="blue">FF7ACAFE</color>
	<color name="red">FFCE4421</color>
	<color name="button_focus">FF005F00</color>                 <!-- oznacene tlacitko slider vypln -->
	<color name="text_shadow">22000000</color>                  <!-- tien pisma -->
	<color name="border_alpha">60FFFFFF</color>                 <!-- vrchna lista epg (kategorie) -->
	<color name="disabled">40FFFFFF</color>
	<color name="selected">FF16F529</color>
	<color name="invalid">FFFF0000</color>
  <color name="cyan">ff008b8b</color>
  <color name="cyan_a700">ff00b8d4</color>
  <color name="cyan_900">ff006064</color>
 	<color name="darkcyan">ff008b8b</color>
</colors> 