<?xml version="1.0" encoding="UTF-8"?>
<colors>
	<color name="primary_background">FF004B00</color>           <!-- pozadie diagonalne stred -->
	<color name="secondary_background">33000059</color>         <!-- pozadie diagonalne kraje -->
	<color name="dialog_tint">FF001000</color>                  <!-- Dialogove okno -->
	<color name="background">FF000000</color>
	<color name="bg_image">FF909090</color>
	<color name="bg_overlay">30FFFFFF</color>
	<color name="black">FF000000</color>
	<color name="white">FFF0F0F0</color>
	<color name="grey">FFA0A0A0</color>
	<color name="blue">FF7ACAFE</color>
	<color name="red">FFCE4421</color>
	<color name="button_focus">FF005F00</color>                 <!-- oznacene tlacitko slider vypln -->
	<color name="text_shadow">22000000</color>                  <!-- tien pisma -->
	<color name="border_alpha">60FFFFFF</color>                 <!-- vrchna lista epg (kategorie) -->
	<color name="disabled">40FFFFFF</color>
	<color name="selected">FF16F529</color>
	<color name="invalid">FFFF0000</color>
  <color name="cyan">ff008b8b</color>
 	<color name="darkcyan">ff008b8b</color>
  <color name="lightcyan">ffe0ffff</color>

<!-- https://appsnipp.com/android-xml-color-picker/ -->

  <color name="red50">ffFFEBEE</color>
  <color name="red100">ffFFCDD2</color>
  <color name="red200">ffEF9A9A</color>
  <color name="red300">ffE57373</color>
  <color name="red400">ffEF5350</color>
  <color name="red500">ffF44336</color>
  <color name="red600">ffE53935</color>
  <color name="red700">ffD32F2F</color>
  <color name="red800">ffC62828</color>
  <color name="red900">ffB71C1C</color>
  <color name="reda100">ffFF8A80</color>
  <color name="reda200">ffFF5252</color>
  <color name="reda400">ffFF1744</color>
  <color name="reda700">ffD50000</color>

  <color name="pink500">ffE91E63</color>
  <color name="pink50">ffFCE4EC</color>
  <color name="pink100">ffF8BBD0</color>
  <color name="pink200">ffF48FB1</color>
  <color name="pink300">ffF06292</color>
  <color name="pink400">ffEC407A</color>
  <color name="pink500">ffE91E63</color>
  <color name="pink600">ffD81B60</color>
  <color name="pink700">ffC2185B</color>
  <color name="pink800">ffAD1457</color>
  <color name="pink900">ff880E4F</color>
  <color name="pinka100">ffFF80AB</color>
  <color name="pinka200">ffFF4081</color>
  <color name="pinka400">ffF50057</color>
  <color name="pinka700">ffC51162</color>

  <color name="purple500">ff9C27B0</color>
  <color name="purple50">ffF3E5F5</color>
  <color name="purple100">ffE1BEE7</color>
  <color name="purple200">ffCE93D8</color>
  <color name="purple300">ffBA68C8</color>
  <color name="purple400">ffAB47BC</color>
  <color name="purple500">ff9C27B0</color>
  <color name="purple600">ff8E24AA</color>
  <color name="purple700">ff7B1FA2</color>
  <color name="purple800">ff6A1B9A</color>
  <color name="purple900">ff4A148C</color>
  <color name="purplea100">ffEA80FC</color>
  <color name="purplea200">ffE040FB</color>
  <color name="purplea400">ffD500F9</color>
  <color name="purplea700">ffAA00FF</color>

  <color name="dpurple500">ff673AB7</color>
  <color name="dpurple50">ffEDE7F6</color>
  <color name="dpurple100">ffD1C4E9</color>
  <color name="dpurple200">ffB39DDB</color>
  <color name="dpurple300">ff9575CD</color>
  <color name="dpurple400">ff7E57C2</color>
  <color name="dpurple500">ff673AB7</color>
  <color name="dpurple600">ff5E35B1</color>
  <color name="dpurple700">ff512DA8</color>
  <color name="dpurple800">ff4527A0</color>
  <color name="dpurple900">ff311B92</color>
  <color name="dpurplea100">ffB388FF</color>
  <color name="dpurplea200">ff7C4DFF</color>
  <color name="dpurplea400">ff651FFF</color>
  <color name="dpurplea700">ff6200EA</color>

  <color name="indigo500">ff3F51B5</color>
  <color name="indigo50">ffE8EAF6</color>
  <color name="indigo100">ffC5CAE9</color>
  <color name="indigo200">ff9FA8DA</color>
  <color name="indigo300">ff7986CB</color>
  <color name="indigo400">ff5C6BC0</color>
  <color name="indigo500">ff3F51B5</color>
  <color name="indigo600">ff3949AB</color>
  <color name="indigo700">ff303F9F</color>
  <color name="indigo800">ff283593</color>
  <color name="indigo900">ff1A237E</color>
  <color name="indigoa100">ff8C9EFF</color>
  <color name="indigoa200">ff536DFE</color>
  <color name="indigoa400">ff3D5AFE</color>
  <color name="indigoa700">ff304FFE</color>

  <color name="blue500">ff2196F3</color>
  <color name="blue50">ffE3F2FD</color>
  <color name="blue100">ffBBDEFB</color>
  <color name="blue200">ff90CAF9</color>
  <color name="blue300">ff64B5F6</color>
  <color name="blue400">ff42A5F5</color>
  <color name="blue500">ff2196F3</color>
  <color name="blue600">ff1E88E5</color>
  <color name="blue700">ff1976D2</color>
  <color name="blue800">ff1565C0</color>
  <color name="blue900">ff0D47A1</color>
  <color name="bluea100">ff82B1FF</color>
  <color name="bluea200">ff448AFF</color>
  <color name="bluea400">ff2979FF</color>
  <color name="bluea700">ff2962FF</color>

  <color name="lightblue500">ff03A9F4</color>
  <color name="lightblue50">ffE1F5FE</color>
  <color name="lightblue100">ffB3E5FC</color>
  <color name="lightblue200">ff81D4FA</color>
  <color name="lightblue300">ff4FC3F7</color>
  <color name="lightblue400">ff29B6F6</color>
  <color name="lightblue500">ff03A9F4</color>
  <color name="lightblue600">ff039BE5</color>
  <color name="lightblue700">ff0288D1</color>
  <color name="lightblue800">ff0277BD</color>
  <color name="lightblue900">ff01579B</color>
  <color name="lightbluea100">ff80D8FF</color>
  <color name="lightbluea200">ff40C4FF</color>
  <color name="lightbluea400">ff00B0FF</color>
  <color name="lightbluea700">ff0091EA</color>

  <color name="cyan_500">ff00BCD4</color>
  <color name="cyan_50">ffE0F7FA</color>
  <color name="cyan_100">ffB2EBF2</color>
  <color name="cyan_200">ff80DEEA</color>
  <color name="cyan_300">ff4DD0E1</color>
  <color name="cyan_400">ff26C6DA</color>
  <color name="cyan_500">ff00BCD4</color>
  <color name="cyan_600">ff00ACC1</color>
  <color name="cyan_700">ff0097A7</color>
  <color name="cyan_800">ff00838F</color>
  <color name="cyan_900">ff006064</color>
  <color name="cyan_a100">ff84FFFF</color>
  <color name="cyan_a200">ff18FFFF</color>
  <color name="cyan_a400">ff00E5FF</color>
  <color name="cyan_a700">ff00B8D4</color>

  <color name="teal500">ff009688</color>
  <color name="teal50">ffE0F2F1</color>
  <color name="teal100">ffB2DFDB</color>
  <color name="teal200">ff80CBC4</color>
  <color name="teal300">ff4DB6AC</color>
  <color name="teal400">ff26A69A</color>
  <color name="teal500">ff009688</color>
  <color name="teal600">ff00897B</color>
  <color name="teal700">ff00796B</color>
  <color name="teal800">ff00695C</color>
  <color name="teal900">ff004D40</color>
  <color name="teala100">ffA7FFEB</color>
  <color name="teala200">ff64FFDA</color>
  <color name="teala400">ff1DE9B6</color>
  <color name="teala700">ff00BFA5</color>

  <color name="green500">ff4CAF50</color>
  <color name="green50">ffE8F5E9</color>
  <color name="green100">ffC8E6C9</color>
  <color name="green200">ffA5D6A7</color>
  <color name="green300">ff81C784</color>
  <color name="green400">ff66BB6A</color>
  <color name="green500">ff4CAF50</color>
  <color name="green600">ff43A047</color>
  <color name="green700">ff388E3C</color>
  <color name="green800">ff2E7D32</color>
  <color name="green900">ff1B5E20</color>
  <color name="greena100">ffB9F6CA</color>
  <color name="greena200">ff69F0AE</color>
  <color name="greena400">ff00E676</color>
  <color name="greena700">ff00C853</color>

  <color name="lightgreen500">ff8BC34A</color>
  <color name="lightgreen50">ffF1F8E9</color>
  <color name="lightgreen100">ffDCEDC8</color>
  <color name="lightgreen200">ffC5E1A5</color>
  <color name="lightgreen300">ffAED581</color>
  <color name="lightgreen400">ff9CCC65</color>
  <color name="lightgreen500">ff8BC34A</color>
  <color name="lightgreen600">ff7CB342</color>
  <color name="lightgreen700">ff689F38</color>
  <color name="lightgreen800">ff558B2F</color>
  <color name="lightgreen900">ff33691E</color>
  <color name="lightgreena100">ffCCFF90</color>
  <color name="lightgreena200">ffB2FF59</color>
  <color name="lightgreena400">ff76FF03</color>
  <color name="lightgreena700">ff64DD17</color>

  <color name="lime500">ffCDDC39</color>
  <color name="lime50">ffF9FBE7</color>
  <color name="lime100">ffF0F4C3</color>
  <color name="lime200">ffE6EE9C</color>
  <color name="lime300">ffDCE775</color>
  <color name="lime400">ffD4E157</color>
  <color name="lime500">ffCDDC39</color>
  <color name="lime600">ffC0CA33</color>
  <color name="lime700">ffAFB42B</color>
  <color name="lime800">ff9E9D24</color>
  <color name="lime900">ff827717</color>
  <color name="limea100">ffF4FF81</color>
  <color name="limea200">ffEEFF41</color>
  <color name="limea400">ffC6FF00</color>
  <color name="limea700">ffAEEA00</color>

  <color name="yellow500">ffFFEB3B</color>
  <color name="yellow50">ffFFFDE7</color>
  <color name="yellow100">ffFFF9C4</color>
  <color name="yellow200">ffFFF59D</color>
  <color name="yellow300">ffFFF176</color>
  <color name="yellow400">ffFFEE58</color>
  <color name="yellow500">ffFFEB3B</color>
  <color name="yellow600">ffFDD835</color>
  <color name="yellow700">ffFBC02D</color>
  <color name="yellow800">ffF9A825</color>
  <color name="yellow900">ffF57F17</color>
  <color name="yellowa100">ffFFFF8D</color>
  <color name="yellowa200">ffFFFF00</color>
  <color name="yellowa400">ffFFEA00</color>
  <color name="yellowa700">ffFFD600</color>

  <color name="amber500">ffFFC107</color>
  <color name="amber50">ffFFF8E1</color>
  <color name="amber100">ffFFECB3</color>
  <color name="amber200">ffFFE082</color>
  <color name="amber300">ffFFD54F</color>
  <color name="amber400">ffFFCA28</color>
  <color name="amber500">ffFFC107</color>
  <color name="amber600">ffFFB300</color>
  <color name="amber700">ffFFA000</color>
  <color name="amber800">ffFF8F00</color>
  <color name="amber900">ffFF6F00</color>
  <color name="ambera100">ffFFE57F</color>
  <color name="ambera200">ffFFD740</color>
  <color name="ambera400">ffFFC400</color>
  <color name="ambera700">ffFFAB00</color>

  <color name="orange500">ffFF9800</color>
  <color name="orange50">ffFFF3E0</color>
  <color name="orange100">ffFFE0B2</color>
  <color name="orange200">ffFFCC80</color>
  <color name="orange300">ffFFB74D</color>
  <color name="orange400">ffFFA726</color>
  <color name="orange500">ffFF9800</color>
  <color name="orange600">ffFB8C00</color>
  <color name="orange700">ffF57C00</color>
  <color name="orange800">ffEF6C00</color>
  <color name="orange900">ffE65100</color>
  <color name="orangea100">ffFFD180</color>
  <color name="orangea200">ffFFAB40</color>
  <color name="orangea400">ffFF9100</color>
  <color name="orangea700">ffFF6D00</color>

  <color name="deeporange500">ffFF5722</color>
  <color name="deeporange50">ffFBE9E7</color>
  <color name="deeporange100">ffFFCCBC</color>
  <color name="deeporange200">ffFFAB91</color>
  <color name="deeporange300">ffFF8A65</color>
  <color name="deeporange400">ffFF7043</color>
  <color name="deeporange500">ffFF5722</color>
  <color name="deeporange600">ffF4511E</color>
  <color name="deeporange700">ffE64A19</color>
  <color name="deeporange800">ffD84315</color>
  <color name="deeporange900">ffBF360C</color>
  <color name="deeporangea100">ffFF9E80</color>
  <color name="deeporangea200">ffFF6E40</color>
  <color name="deeporangea400">ffFF3D00</color>
  <color name="deeporangea700">ffDD2C00</color>

  <color name="brown500">ff795548</color>
  <color name="brown50">ffEFEBE9</color>
  <color name="brown100">ffD7CCC8</color>
  <color name="brown200">ffBCAAA4</color>
  <color name="brown300">ffA1887F</color>
  <color name="brown400">ff8D6E63</color>
  <color name="brown500">ff795548</color>
  <color name="brown600">ff6D4C41</color>
  <color name="brown700">ff5D4037</color>
  <color name="brown800">ff4E342E</color>
  <color name="brown900">ff3E2723</color>

  <color name="grey500">ff9E9E9E</color>
  <color name="grey50">ffFAFAFA</color>
  <color name="grey100">ffF5F5F5</color>
  <color name="grey200">ffEEEEEE</color>
  <color name="grey300">ffE0E0E0</color>
  <color name="grey400">ffBDBDBD</color>
  <color name="grey500">ff9E9E9E</color>
  <color name="grey600">ff757575</color>
  <color name="grey700">ff616161</color>
  <color name="grey800">ff424242</color>
  <color name="grey900">ff212121</color>

  <color name="bluegrey500">ff607D8B</color>
  <color name="bluegrey50">ffECEFF1</color>
  <color name="bluegrey100">ffCFD8DC</color>
  <color name="bluegrey200">ffB0BEC5</color>
  <color name="bluegrey300">ff90A4AE</color>
  <color name="bluegrey400">ff78909C</color>
  <color name="bluegrey500">ff607D8B</color>
  <color name="bluegrey600">ff546E7A</color>
  <color name="bluegrey700">ff455A64</color>
  <color name="bluegrey800">ff37474F</color>
  <color name="bluegrey900">ff263238</color>
  <color name="black">ff000000</color>

  <color name="white">ffFFFFFF</color>
</colors> 